{
  "0": {
    "base_we": 0.33544303797468356,
    "K": -0.33544303797468356,
    "BB": 0.6645569620253164,
    "BIP": 0.6645569620253164
  },
  "1": {
    "base_we": 0.24392857142857144,
    "K": -0.24392857142857144,
    "BB": 0.27607142857142836,
    "BIP": 0.6906168831168831
  },
  "2": {
    "base_we": 0.13707317073170733,
    "K": -0.13707317073170733,
    "BB": -0.13707317073170733,
    "BIP": 0.48737127371273714
  },
  "3": {
    "base_we": 0.015151515151515152,
    "K": -0.015151515151515152,
    "BB": -0.015151515151515152,
    "BIP": 0.09595959595959595
  }
}