deficit,base_we,K,BB,BIP
0,0.33544303797468356,-0.33544303797468356,0.6645569620253164,0.6645569620253164
